experiment,accuracy,precision,recall,f1,roc_auc,loss
roi,0.8211590703290069,0.0707395498392283,0.7521367521367521,0.1293166789125643,0.8745983536273904,1.147881456699101
full,0.8015393902807123,0.06782106782106782,0.8034188034188035,0.12508316699933467,0.8793478589146125,1.062126090482722
